{
	"StationName": "aaab",
	"PersonInCharge": "jimmy",
	"EMail": "jaime@uc3m.com",
	"MachineName": "aabba",
	"TypeOfLicense": "Fighter",
	"RequestDate": "15/1/2019",
	"UUID": "3748950495888833374634578987654372837461504324598478394876532142"
}
{
	"StationName": "aaab",
	"PersonInCharge": "jimmy",
	"EMail": "jaime@uc3m.com",
	"MachineName": "aabba",
	"TypeOfLicense": "Fighter",
	"RequestDate": "15/1/2019",
	"UUID": "3748950495888833374634578987654372837461504324598478394876532142"
}